{"count":1,"self":16.914296,"total":16.982289599999998,"children":{"InitializeActuators":{"count":8,"self":0.0015000999999999999,"total":0.0015000999999999999,"children":null},"InitializeSensors":{"count":8,"self":0.0025085999999999997,"total":0.0025085999999999997,"children":null},"AgentSendState":{"count":168,"self":0.0018988999999999998,"total":0.0134454,"children":{"CollectObservations":{"count":148,"self":0.0009968,"total":0.0009968,"children":null},"WriteActionMask":{"count":148,"self":0,"total":0,"children":null},"RequestDecision":{"count":148,"self":0.010549699999999999,"total":0.010549699999999999,"children":null}}},"DecideAction":{"count":168,"self":0.045623899999999995,"total":0.045623899999999995,"children":null},"AgentAct":{"count":168,"self":0.0049158,"total":0.0049158,"children":null}},"gauges":{},"metadata":{"timer_format_version":"0.1.0","start_time_seconds":"1703564572","unity_version":"2022.3.14f1","command_line_arguments":"D:\/Unity 2022.3.14f1\/Editor\/Unity.exe -projectpath D:\\UnityProject\\InfinityFire -useHub -hubIPC -cloudEnvironment production -licensingIpc LicenseClient-Hieu -hubSessionId 077ee120-a39e-11ee-8def-c77494827c32 -accessToken mJ6eZnj7v_urAEIY9TplqpbQ2zAPGNnR6BXVpm4xcNU011f","communication_protocol_version":"1.5.0","com.unity.ml-agents_version":"2.0.1","scene_name":"Training","end_time_seconds":"1703564589"}}